{
  "sheetsById": {
    "Cabinet Sheet": {
      "staticOverrides": {
        "byObject": {
          "Camera": {
            "position": {
              "x": 0.9852187556639476,
              "y": 6.133041104927347,
              "z": 0
            },
            "rotation": {
              "x": -1.5707891481751188,
              "y": 0.49210840813473655,
              "z": 1.5707929382086963
            }
          },
          "Floor": {
            "position": {
              "x": 0,
              "y": -1.972474524966949,
              "z": 0
            }
          },
          "Spotlight": {
            "position": {
              "x": 1.54313339926096,
              "y": 12.75863426541201,
              "z": 0
            },
            "rotation": {
              "x": -1.5707693
            },
            "angle": 0.2,
            "decay": 2,
            "intensity": 10,
            "color": {
              "r": 0.9607843137254902,
              "g": 0.9294117647058824,
              "b": 0.8352941176470589,
              "a": 1
            }
          },
          "PointLight": {
            "position": {
              "x": 5.276492441802949,
              "y": 5.0915728303768155,
              "z": 1.6534591976402564
            },
            "intensity": 0,
            "color": {
              "r": 0.8980392156862745,
              "g": 1,
              "b": 0.8901960784313725,
              "a": 1
            }
          }
        }
      },
      "sequence": {
        "subUnitsPerUnit": 30,
        "length": 10,
        "type": "PositionalSequence",
        "tracksByObject": {
          "Camera": {
            "trackData": {
              "uDDvM5S6vu": {
                "type": "BasicKeyframedTrack",
                "__debugName": "Camera:[\"position\",\"x\"]",
                "keyframes": [
                  {
                    "id": "W8dcftqgHK",
                    "position": 0,
                    "connectedRight": true,
                    "handles": [
                      0.5,
                      1,
                      0.5,
                      0
                    ],
                    "type": "bezier",
                    "value": 0.9852187556639476
                  },
                  {
                    "id": "fhAoNawgTx",
                    "position": 2,
                    "connectedRight": true,
                    "handles": [
                      0.5,
                      1,
                      0.5,
                      0
                    ],
                    "type": "bezier",
                    "value": 3.3696014496184308
                  }
                ]
              },
              "BZNWwZEFxo": {
                "type": "BasicKeyframedTrack",
                "__debugName": "Camera:[\"position\",\"y\"]",
                "keyframes": [
                  {
                    "id": "YQMeXYYtgb",
                    "position": 0,
                    "connectedRight": true,
                    "handles": [
                      0.5,
                      1,
                      0.7630111524163569,
                      0.0035842293906810036
                    ],
                    "type": "bezier",
                    "value": 6.133041104927347
                  },
                  {
                    "id": "oNmqfAkicu",
                    "position": 2,
                    "connectedRight": true,
                    "handles": [
                      0.5,
                      1,
                      0.5,
                      0
                    ],
                    "type": "bezier",
                    "value": 1.8314414041114668
                  }
                ]
              },
              "IpQhHiKZh5": {
                "type": "BasicKeyframedTrack",
                "__debugName": "Camera:[\"position\",\"z\"]",
                "keyframes": [
                  {
                    "id": "rBWIkRrDGK",
                    "position": 0,
                    "connectedRight": true,
                    "handles": [
                      0.5,
                      1,
                      0.5,
                      0
                    ],
                    "type": "bezier",
                    "value": 0
                  },
                  {
                    "id": "l8XNZvELHW",
                    "position": 2,
                    "connectedRight": true,
                    "handles": [
                      0.5,
                      1,
                      0.5,
                      0
                    ],
                    "type": "bezier",
                    "value": 0
                  }
                ]
              },
              "qMESGh9Bg5": {
                "type": "BasicKeyframedTrack",
                "__debugName": "Camera:[\"rotation\",\"x\"]",
                "keyframes": [
                  {
                    "id": "mh-yQePSCV",
                    "position": 0,
                    "connectedRight": true,
                    "handles": [
                      0.5,
                      1,
                      0.5,
                      0
                    ],
                    "type": "bezier",
                    "value": -1.5707891481751188
                  },
                  {
                    "id": "Jc3emBRT6m",
                    "position": 2,
                    "connectedRight": true,
                    "handles": [
                      0.5,
                      1,
                      0.5,
                      0
                    ],
                    "type": "bezier",
                    "value": -1.5707524108416264
                  }
                ]
              },
              "T8CSTIHXon": {
                "type": "BasicKeyframedTrack",
                "__debugName": "Camera:[\"rotation\",\"y\"]",
                "keyframes": [
                  {
                    "id": "CcpUtnCxOp",
                    "position": 0,
                    "connectedRight": true,
                    "handles": [
                      0.5,
                      1,
                      0.7723048327137546,
                      0.008034680448473552
                    ],
                    "type": "bezier",
                    "value": 0.49210840813473655
                  },
                  {
                    "id": "Nan4vcm513",
                    "position": 2,
                    "connectedRight": true,
                    "handles": [
                      0.5,
                      1,
                      0.5,
                      0
                    ],
                    "type": "bezier",
                    "value": 1.4262272843997275
                  }
                ]
              },
              "5-83ZOBNS8": {
                "type": "BasicKeyframedTrack",
                "__debugName": "Camera:[\"rotation\",\"z\"]",
                "keyframes": [
                  {
                    "id": "DojNMrdFse",
                    "position": 0,
                    "connectedRight": true,
                    "handles": [
                      0.5,
                      1,
                      0.5,
                      0
                    ],
                    "type": "bezier",
                    "value": 1.5707929382086963
                  },
                  {
                    "id": "K2WWOTQsTY",
                    "position": 2,
                    "connectedRight": true,
                    "handles": [
                      0.5,
                      1,
                      0.5,
                      0
                    ],
                    "type": "bezier",
                    "value": 1.5707528721742603
                  }
                ]
              },
              "2ez0EJFSgU": {
                "type": "BasicKeyframedTrack",
                "__debugName": "Camera:[\"scale\",\"x\"]",